type,n,ratio,baseline F1 score,SLOE F1 score,baseline time (s),SLOE time (s)
heart,98,0.15,0.6666666666666666,0.6666666666666666,0.00400233268737793,1.4840104579925537
heart,119,0.13,0.761904761904762,0.761904761904762,0.002969503402709961,1.2224571704864502
heart,172,0.09,0.8717948717948718,0.8717948717948718,0.003994941711425781,1.4512946605682373
